,precision,recall,f1-score,support
0,0.9989658738366081,1.0,0.999482669425763,1932.0
1,1.0,0.9705882352941176,0.9850746268656716,68.0
accuracy,0.999,0.999,0.999,0.999
macro avg,0.999482936918304,0.9852941176470589,0.9922786481457173,2000.0
weighted avg,0.9990010341261634,0.999,0.9989927959787199,2000.0
