Best F1 Score,Best Threshold,ROC AUC Score
0.9850746268656716,0.33999999999999986,0.9749459566435271
